index,#plate_id,well_id,chemical,category,moa,co_id,EcNissle,EcNissle_gt3
PM01_A01,PM01,A01,Negative Control,Negative control,Negative control,,0.0,0
PM01_A02,PM01,A02,L-Arabinose,carbon,"C-Source, carbohydrate",C00259,8.0,1
PM01_A03,PM01,A03,N-Acetyl-D-Glucosamine,carbon,"C-Source, carbohydrate",C00140,8.0,1
PM01_A04,PM01,A04,D-Saccharic acid,carbon,"C-Source, carboxylic acid",C00818,8.66666666667,1
PM01_A05,PM01,A05,Succinic acid,carbon,"C-Source, carboxylic acid",C00042,8.66666666667,1
PM01_A06,PM01,A06,D-Galactose,carbon,"C-Source, carbohydrate",C00124,7.66666666667,1
PM01_A07,PM01,A07,L-Aspartic acid,carbon,"C-Source, amino acid",C00049,8.66666666667,1
PM01_A08,PM01,A08,L-Proline,carbon,"C-Source, amino acid",C00148,8.66666666667,1
PM01_A09,PM01,A09,D-Alanine,carbon,"C-Source, amino acid",C00133,8.0,1
PM01_A10,PM01,A10,D-Trehalose,carbon,"C-Source, carbohydrate",C01083,8.66666666667,1
PM01_A11,PM01,A11,D-Mannose,carbon,"C-Source, carbohydrate",C00159,8.0,1
PM01_A12,PM01,A12,Dulcitol,carbon,"C-Source, carbohydrate",C01697,6.0,1
PM01_B01,PM01,B01,D-Serine,carbon,"C-Source, amino acid",C00740,8.66666666667,1
PM01_B02,PM01,B02,D-Sorbitol,carbon,"C-Source, carbohydrate",C00794,8.33333333333,1
PM01_B03,PM01,B03,Glycerol,carbon,"C-Source, carbohydrate",C00116,7.66666666667,1
PM01_B04,PM01,B04,L-Fucose,carbon,"C-Source, carbohydrate",C01019,7.66666666667,1
PM01_B05,PM01,B05,D-Glucuronic acid,carbon,"C-Source, carboxylic acid",C00191,9.0,1
PM01_B06,PM01,B06,D-Gluconic acid,carbon,"C-Source, carboxylic acid",C00257,9.0,1
PM01_B07,PM01,B07,DL-a-Glycerol Phosphate,carbon,"C-Source, carbohydrate",C00093,7.66666666667,1
PM01_B08,PM01,B08,D-Xylose,carbon,"C-Source, carbohydrate",C00181,8.66666666667,1
PM01_B09,PM01,B09,L-Lactic acid,carbon,"C-Source, carboxylic acid",C01432,8.0,1
PM01_B10,PM01,B10,Formic acid,carbon,"C-Source, carboxylic acid",C00058,0.333333333333,0
PM01_B11,PM01,B11,D-Mannitol,carbon,"C-Source, carbohydrate",C00392,7.66666666667,1
PM01_B12,PM01,B12,L-Glutamic acid,carbon,"C-Source, amino acid",C00025,7.66666666667,1
PM01_C01,PM01,C01,D-Glucose-6-Phosphate,carbon,"C-Source, carbohydrate",C00092,9.0,1
PM01_C02,PM01,C02,D-Galactonic acid-g-Lactone,carbon,"C-Source, carboxylic acid",C03383,8.33333333333,1
PM01_C03,PM01,C03,DL-Malic acid,carbon,"C-Source, carboxylic acid",C00497,8.0,1
PM01_C04,PM01,C04,D-Ribose,carbon,"C-Source, carbohydrate",C00121,8.66666666667,1
PM01_C05,PM01,C05,Tween 20,carbon,"C-Source, fatty acid",C11624,6.33333333333,1
PM01_C06,PM01,C06,L-Rhamnose,carbon,"C-Source, carbohydrate",C00507,7.33333333333,1
PM01_C07,PM01,C07,D-Fructose,carbon,"C-Source, carbohydrate",C00095,8.66666666667,1
PM01_C08,PM01,C08,Acetic acid,carbon,"C-Source, carboxylic acid",C00033,7.33333333333,1
PM01_C09,PM01,C09,a-D-Glucose,carbon,"C-Source, carbohydrate",C00031,7.66666666667,1
PM01_C10,PM01,C10,Maltose,carbon,"C-Source, carbohydrate",C00208,7.66666666667,1
PM01_C11,PM01,C11,D-Melibiose,carbon,"C-Source, carbohydrate",C05402,7.66666666667,1
PM01_C12,PM01,C12,Thymidine,carbon,"C-Source, carbohydrate",C00214,8.66666666667,1
PM01_D01,PM01,D01,L-Asparagine,carbon,"C-Source, amino acid",C00152,8.66666666667,1
PM01_D02,PM01,D02,D-Aspartic acid,carbon,"C-Source, amino acid",C00402,0.666666666667,0
PM01_D03,PM01,D03,D-Glucosaminic acid,carbon,"C-Source, carboxylic acid",C03752,2.0,0
PM01_D04,PM01,D04,"1,2-Propanediol",carbon,"C-Source, alcohol",C00583,1.33333333333,0
PM01_D05,PM01,D05,Tween 40,carbon,"C-Source, fatty acid",,3.66666666667,1
PM01_D06,PM01,D06,a-Ketoglutaric acid,carbon,"C-Source, carboxylic acid",C00026,6.66666666667,1
PM01_D07,PM01,D07,a-Ketobutyric acid,carbon,"C-Source, carboxylic acid",C00109,1.66666666667,0
PM01_D08,PM01,D08,a-Methyl-D-Galactoside,carbon,"C-Source, carbohydrate",C03619,8.0,1
PM01_D09,PM01,D09,a-D-Lactose,carbon,"C-Source, carbohydrate",C00243,7.66666666667,1
PM01_D10,PM01,D10,Lactulose,carbon,"C-Source, carbohydrate",C07064,8.0,1
PM01_D11,PM01,D11,Sucrose,carbon,"C-Source, carbohydrate",C00089,1.66666666667,0
PM01_D12,PM01,D12,Uridine,carbon,"C-Source, carbohydrate",C00299,8.66666666667,1
PM01_E01,PM01,E01,L-Glutamine,carbon,"C-Source, amino acid",C00064,8.33333333333,1
PM01_E02,PM01,E02,m-Tartaric acid,carbon,"C-Source, carboxylic acid",C00552,0.0,0
PM01_E03,PM01,E03,D-Glucose-1-Phosphate,carbon,"C-Source, carbohydrate",C00103,8.66666666667,1
PM01_E04,PM01,E04,D-Fructose-6-Phosphate,carbon,"C-Source, carbohydrate",C00085,9.0,1
PM01_E05,PM01,E05,Tween 80,carbon,"C-Source, fatty acid",C11625,0.666666666667,0
PM01_E06,PM01,E06,a-Hydroxyglutaric acid-g-Lactone,carbon,"C-Source, carboxylic acid",,0.0,0
PM01_E07,PM01,E07,a-Hydroxybutyric acid,carbon,"C-Source, carboxylic acid",C05984,4.0,1
PM01_E08,PM01,E08,b-Methyl-D-Glucoside,carbon,"C-Source, carbohydrate",,7.33333333333,1
PM01_E09,PM01,E09,Adonitol,carbon,"C-Source, carbohydrate",C00474,5.0,1
PM01_E10,PM01,E10,Maltotriose,carbon,"C-Source, carbohydrate",C01835,8.0,1
PM01_E11,PM01,E11,2`-Deoxyadenosine,carbon,"C-Source, carbohydrate",C00559,8.66666666667,1
PM01_E12,PM01,E12,Adenosine,carbon,"C-Source, carbohydrate",C00212,8.66666666667,1
PM01_F01,PM01,F01,Gly-Asp,carbon,"C-Source, amino acid",C02871,8.66666666667,1
PM01_F02,PM01,F02,Citric acid,carbon,"C-Source, carboxylic acid",C00158,0.0,0
PM01_F03,PM01,F03,m-Inositol,carbon,"C-Source, carbohydrate",C00137,0.0,0
PM01_F04,PM01,F04,D-Threonine,carbon,"C-Source, amino acid",C00820,0.666666666667,0
PM01_F05,PM01,F05,Fumaric acid,carbon,"C-Source, carboxylic acid",C00122,8.33333333333,1
PM01_F06,PM01,F06,Bromosuccinic acid,carbon,"C-Source, carboxylic acid",,8.0,1
PM01_F07,PM01,F07,Propionic acid,carbon,"C-Source, carboxylic acid",C00163,8.0,1
PM01_F08,PM01,F08,Mucic acid,carbon,"C-Source, carboxylic acid",C01807,8.33333333333,1
PM01_F09,PM01,F09,Glycolic acid,carbon,"C-Source, carboxylic acid",C00160,7.66666666667,1
PM01_F10,PM01,F10,Glyoxylic acid,carbon,"C-Source, carboxylic acid",C00048,7.0,1
PM01_F11,PM01,F11,D-Cellobiose,carbon,"C-Source, carbohydrate",C00185,1.33333333333,0
PM01_F12,PM01,F12,Inosine,carbon,"C-Source, carbohydrate",C00294,9.0,1
PM01_G01,PM01,G01,Gly-Glu,carbon,"C-Source, amino acid",,7.66666666667,1
PM01_G02,PM01,G02,Tricarballylic acid,carbon,"C-Source, carboxylic acid",,0.0,0
PM01_G03,PM01,G03,L-Serine,carbon,"C-Source, amino acid",C00065,8.66666666667,1
PM01_G04,PM01,G04,L-Threonine,carbon,"C-Source, amino acid",C00188,8.0,1
PM01_G05,PM01,G05,L-Alanine,carbon,"C-Source, amino acid",C00041,8.0,1
PM01_G06,PM01,G06,Ala-Gly,carbon,"C-Source, amino acid",,7.66666666667,1
PM01_G07,PM01,G07,Acetoacetic acid,carbon,"C-Source, carboxylic acid",C00164,0.0,0
PM01_G08,PM01,G08,N-Acetyl-D-Mannosamine,carbon,"C-Source, carbohydrate",C00645,7.66666666667,1
PM01_G09,PM01,G09,Mono-Methylsuccinate,carbon,"C-Source, carboxylic acid",,1.33333333333,0
PM01_G10,PM01,G10,Methylpyruvate,carbon,"C-Source, ester",,8.33333333333,1
PM01_G11,PM01,G11,D-Malic acid,carbon,"C-Source, carboxylic acid",C00497,5.33333333333,1
PM01_G12,PM01,G12,L-Malic acid,carbon,"C-Source, carboxylic acid",C00149,8.66666666667,1
PM01_H01,PM01,H01,Gly-Pro,carbon,"C-Source, amino acid",,8.0,1
PM01_H02,PM01,H02,p-Hydroxyphenyl Acetic acid,carbon,"C-Source, carboxylic acid",C00642,0.0,0
PM01_H03,PM01,H03,m-Hydroxyphenyl Acetic acid,carbon,"C-Source, carboxylic acid",C05593,0.666666666667,0
PM01_H04,PM01,H04,Tyramine,carbon,"C-Source, amine",C00483,0.0,0
PM01_H05,PM01,H05,D-Psicose,carbon,"C-Source, carbohydrate",C06468,4.0,1
PM01_H06,PM01,H06,L-Lyxose,carbon,"C-Source, carbohydrate",C01508,4.33333333333,1
PM01_H07,PM01,H07,Glucuronamide,carbon,"C-Source, amide",D01791,0.333333333333,0
PM01_H08,PM01,H08,Pyruvic acid,carbon,"C-Source, carboxylic acid",C00022,9.0,1
PM01_H09,PM01,H09,L-Galactonic acid-g-Lactone,carbon,"C-Source, carboxylic acid",C01115,9.0,1
PM01_H10,PM01,H10,D-Galacturonic acid,carbon,"C-Source, carboxylic acid",C00333,9.0,1
PM01_H11,PM01,H11,Phenylethylamine,carbon,"C-Source, amine",C05332,0.0,0
PM01_H12,PM01,H12,2-Aminoethanol,carbon,"C-Source, alcohol",C00189,0.0,0
PM02_A01,PM02,A01,Negative Control,Negative control,Negative control,,0.0,0
PM02_A02,PM02,A02,Chondroitin Sulfate C,carbon,"C-Source, polymer",C00635,0.0,0
PM02_A03,PM02,A03,a-Cyclodextrin,carbon,"C-Source, polymer",,0.0,0
PM02_A04,PM02,A04,b-Cyclodextrin,carbon,"C-Source, polymer",,0.0,0
PM02_A05,PM02,A05,g-Cyclodextrin,carbon,"C-Source, polymer",,0.0,0
PM02_A06,PM02,A06,Dextrin,carbon,"C-Source, polymer",C00721,7.0,1
PM02_A07,PM02,A07,Gelatin,carbon,"C-Source, polymer",C01498,0.0,0
PM02_A08,PM02,A08,Glycogen,carbon,"C-Source, polymer",C00182,0.0,0
PM02_A09,PM02,A09,Inulin,carbon,"C-Source, polymer",C00368,0.0,0
PM02_A10,PM02,A10,Laminarin,carbon,"C-Source, polymer",C00771,0.0,0
PM02_A11,PM02,A11,Mannan,carbon,"C-Source, polymer",C00464,0.0,0
PM02_A12,PM02,A12,Pectin,carbon,"C-Source, polymer",C00714,6.0,1
PM02_B01,PM02,B01,N-Acetyl-D-Galactosamine,carbon,"C-Source, carbohydrate",C01074,8.0,1
PM02_B02,PM02,B02,N-Acetyl-Neuraminic acid,carbon,"C-Source, carboxylic acid",C00270,7.0,1
PM02_B03,PM02,B03,b-D-Allose,carbon,"C-Source, carbohydrate",C01487,7.0,1
PM02_B04,PM02,B04,Amygdalin,carbon,"C-Source, carbohydrate",C08325,0.0,0
PM02_B05,PM02,B05,D-Arabinose,carbon,"C-Source, carbohydrate",C00216,4.0,1
PM02_B06,PM02,B06,D-Arabitol,carbon,"C-Source, carbohydrate",C01904,0.0,0
PM02_B07,PM02,B07,L-Arabitol,carbon,"C-Source, carbohydrate",C00532,0.0,0
PM02_B08,PM02,B08,Arbutin,carbon,"C-Source, carbohydrate",C06186,0.0,0
PM02_B09,PM02,B09,2-Deoxy-D-Ribose,carbon,"C-Source, carbohydrate",C01801,7.33333333333,1
PM02_B10,PM02,B10,i-Erythritol,carbon,"C-Source, carbohydrate",C00503,0.0,0
PM02_B11,PM02,B11,D-Fucose,carbon,"C-Source, carbohydrate",C01018,0.0,0
PM02_B12,PM02,B12,3-O-b-D-Galactopyranosyl-D-Arabinose,carbon,"C-Source, carbohydrate",,8.33333333333,1
PM02_C01,PM02,C01,Gentiobiose,carbon,"C-Source, carbohydrate",C08240,1.0,0
PM02_C02,PM02,C02,L-Glucose,carbon,"C-Source, carbohydrate",,0.0,0
PM02_C03,PM02,C03,D-Lactitol,carbon,"C-Source, carbohydrate",,7.0,1
PM02_C04,PM02,C04,D-Melezitose,carbon,"C-Source, carbohydrate",C08243,1.0,0
PM02_C05,PM02,C05,Maltitol,carbon,"C-Source, carbohydrate",G00275,0.0,0
PM02_C06,PM02,C06,a-Methyl-D-Glucoside,carbon,"C-Source, carbohydrate",,0.0,0
PM02_C07,PM02,C07,b-Methyl-D-Galactoside,carbon,"C-Source, carbohydrate",C03619,7.0,1
PM02_C08,PM02,C08,3-Methylglucose,carbon,"C-Source, carbohydrate",,0.0,0
PM02_C09,PM02,C09,b-Methyl-D-Glucuronic acid,carbon,"C-Source, carboxylic acid",C08350,7.33333333333,1
PM02_C10,PM02,C10,a-Methyl-D-Mannoside,carbon,"C-Source, carbohydrate",,0.0,0
PM02_C11,PM02,C11,b-Methyl-D-Xyloside,carbon,"C-Source, carbohydrate",,0.0,0
PM02_C12,PM02,C12,Palatinose,carbon,"C-Source, carbohydrate",C01742,0.0,0
PM02_D01,PM02,D01,D-Raffinose,carbon,"C-Source, carbohydrate",C00492,7.0,1
PM02_D02,PM02,D02,Salicin,carbon,"C-Source, carbohydrate",C01451,0.0,0
PM02_D03,PM02,D03,Sedoheptulosan,carbon,"C-Source, carbohydrate",,1.33333333333,0
PM02_D04,PM02,D04,L-Sorbose,carbon,"C-Source, carbohydrate",C00247,7.0,1
PM02_D05,PM02,D05,Stachyose,carbon,"C-Source, carbohydrate",C01613,1.33333333333,0
PM02_D06,PM02,D06,D-Tagatose,carbon,"C-Source, carbohydrate",C00795,7.33333333333,1
PM02_D07,PM02,D07,Turanose,carbon,"C-Source, carbohydrate",G03588,0.333333333333,0
PM02_D08,PM02,D08,Xylitol,carbon,"C-Source, carbohydrate",C00379,0.0,0
PM02_D09,PM02,D09,N-Acetyl-D-Glucosaminitol,carbon,"C-Source, carbohydrate",,0.0,0
PM02_D10,PM02,D10,g-Amino-N-Butyric acid,carbon,"C-Source, carboxylic acid",C00334,0.0,0
PM02_D11,PM02,D11,d-Amino Valeric acid,carbon,"C-Source, carboxylic acid",C00431,0.0,0
PM02_D12,PM02,D12,Butyric acid,carbon,"C-Source, carboxylic acid",C00246,0.0,0
PM02_E01,PM02,E01,Capric acid,carbon,"C-Source, carboxylic acid",C01571,0.0,0
PM02_E02,PM02,E02,Caproic acid,carbon,"C-Source, carboxylic acid",C01585,0.0,0
PM02_E03,PM02,E03,Citraconic acid,carbon,"C-Source, carboxylic acid",C02226,0.0,0
PM02_E04,PM02,E04,Citramalic acid,carbon,"C-Source, carboxylic acid",C00815,0.0,0
PM02_E05,PM02,E05,D-Glucosamine,carbon,"C-Source, carbohydrate",C00329,8.0,1
PM02_E06,PM02,E06,2-Hydroxybenzoic acid,carbon,"C-Source, carboxylic acid",C00805,0.0,0
PM02_E07,PM02,E07,4-Hydroxybenzoic acid,carbon,"C-Source, carboxylic acid",C00156,0.0,0
PM02_E08,PM02,E08,b-Hydroxybutyric acid,carbon,"C-Source, carboxylic acid",C01089,1.0,0
PM02_E09,PM02,E09,g-Hydroxybutyric acid,carbon,"C-Source, carboxylic acid",C00989,7.0,1
PM02_E10,PM02,E10,a-Keto-Valeric acid,carbon,"C-Source, carboxylic acid",C00567,0.0,0
PM02_E11,PM02,E11,Itaconic acid,carbon,"C-Source, carboxylic acid",C00490,0.0,0
PM02_E12,PM02,E12,5-Keto-D-Gluconic acid,carbon,"C-Source, carboxylic acid",C01062,0.0,0
PM02_F01,PM02,F01,D-Lactic acid Methyl Ester,carbon,"C-Source, ester",,8.0,1
PM02_F02,PM02,F02,Malonic acid,carbon,"C-Source, carboxylic acid",C00383,0.0,0
PM02_F03,PM02,F03,Melibionic acid,carbon,"C-Source, carbohydrate",,7.0,1
PM02_F04,PM02,F04,Oxalic acid,carbon,"C-Source, carboxylic acid",C00209,0.0,0
PM02_F05,PM02,F05,Oxalomalic acid,carbon,"C-Source, carboxylic acid",C01990,0.0,0
PM02_F06,PM02,F06,Quinic acid,carbon,"C-Source, carboxylic acid",C00296,0.0,0
PM02_F07,PM02,F07,"D-Ribono-1,4-Lactone",carbon,"C-Source, carboxylic acid",,0.0,0
PM02_F08,PM02,F08,Sebacic acid,carbon,"C-Source, carboxylic acid",C08277,0.0,0
PM02_F09,PM02,F09,Sorbic acid,carbon,"C-Source, carboxylic acid",,0.0,0
PM02_F10,PM02,F10,Succinamic acid,carbon,"C-Source, carboxylic acid",,0.0,0
PM02_F11,PM02,F11,D-Tartaric acid,carbon,"C-Source, carboxylic acid",C02107,0.0,0
PM02_F12,PM02,F12,L-Tartaric acid,carbon,"C-Source, carboxylic acid",C00898,0.0,0
PM02_G01,PM02,G01,Acetamide,carbon,"C-Source, amide",C06244,0.0,0
PM02_G02,PM02,G02,L-Alaninamide,carbon,"C-Source, amide",,0.0,0
PM02_G03,PM02,G03,N-Acetyl-L-Glutamic acid,carbon,"C-Source, amino acid",C00624,0.0,0
PM02_G04,PM02,G04,L-Arginine,carbon,"C-Source, amino acid",C00062,0.0,0
PM02_G05,PM02,G05,Glycine,carbon,"C-Source, amino acid",C00037,0.0,0
PM02_G06,PM02,G06,L-Histidine,carbon,"C-Source, amino acid",C00135,0.0,0
PM02_G07,PM02,G07,L-Homoserine,carbon,"C-Source, amino acid",C00263,0.0,0
PM02_G08,PM02,G08,Hydroxy-L-Proline,carbon,"C-Source, amino acid",C01015,0.0,0
PM02_G09,PM02,G09,L-Isoleucine,carbon,"C-Source, amino acid",C00407,0.0,0
PM02_G10,PM02,G10,L-Leucine,carbon,"C-Source, amino acid",C00123,0.0,0
PM02_G11,PM02,G11,L-Lysine,carbon,"C-Source, amino acid",C00047,0.0,0
PM02_G12,PM02,G12,L-Methionine,carbon,"C-Source, amino acid",C00073,0.0,0
PM02_H01,PM02,H01,L-Ornithine,carbon,"C-Source, amino acid",C00077,0.0,0
PM02_H02,PM02,H02,L-Phenylalanine,carbon,"C-Source, amino acid",C00079,0.0,0
PM02_H03,PM02,H03,L-Pyroglutamic acid,carbon,"C-Source, amino acid",C02238,0.0,0
PM02_H04,PM02,H04,L-Valine,carbon,"C-Source, amino acid",C00183,0.0,0
PM02_H05,PM02,H05,"D,L-Carnitine",carbon,"C-Source, carboxylic acid",C00487,0.0,0
PM02_H06,PM02,H06,sec-Butylamine,carbon,"C-Source, amine",,0.0,0
PM02_H07,PM02,H07,"D,L-Octopamine",carbon,"C-Source, amine",C04227,0.0,0
PM02_H08,PM02,H08,Putrescine,carbon,"C-Source, amine",C00134,0.0,0
PM02_H09,PM02,H09,Dihydroxyacetone,carbon,"C-Source, alcohol",C00184,7.0,1
PM02_H10,PM02,H10,"2,3-Butanediol",carbon,"C-Source, alcohol",C03044,0.0,0
PM02_H11,PM02,H11,"2,3-Butanedione",carbon,"C-Source, alcohol",C00741,0.0,0
PM02_H12,PM02,H12,3-Hydroxy-2-buta,carbon,"C-Source, alcohol",C00466,0.0,0
PM03_A01,PM03,A01,Negative Control,Negative control,Negative control,,0.0,0
PM03_A02,PM03,A02,Ammonia,nitrogen,"N-Source, inorganic",C00014,8.33333333333,1
PM03_A03,PM03,A03,Nitrite,nitrogen,"N-Source, inorganic",C00088,0.666666666667,0
PM03_A04,PM03,A04,Nitrate,nitrogen,"N-Source, inorganic",C00244,0.0,0
PM03_A05,PM03,A05,Urea,nitrogen,"N-Source, other",C00086,0.0,0
PM03_A06,PM03,A06,Biuret,nitrogen,"N-Source, other",C06555,5.0,1
PM03_A07,PM03,A07,L-Alanine,nitrogen,"N-Source, amino acid",C00041,8.0,1
PM03_A08,PM03,A08,L-Arginine,nitrogen,"N-Source, amino acid",C00062,8.0,1
PM03_A09,PM03,A09,L-Asparagine,nitrogen,"N-Source, amino acid",C00152,8.66666666667,1
PM03_A10,PM03,A10,L-Aspartic acid,nitrogen,"N-Source, amino acid",C00049,8.33333333333,1
PM03_A11,PM03,A11,L-Cysteine,nitrogen,"N-Source, amino acid",C00097,8.66666666667,1
PM03_A12,PM03,A12,L-Glutamic acid,nitrogen,"N-Source, amino acid",C00025,8.0,1
PM03_B01,PM03,B01,L-Glutamine,nitrogen,"N-Source, amino acid",C00064,8.33333333333,1
PM03_B02,PM03,B02,Glycine,nitrogen,"N-Source, amino acid",C00037,6.0,1
PM03_B03,PM03,B03,L-Histidine,nitrogen,"N-Source, amino acid",C00135,0.0,0
PM03_B04,PM03,B04,L-Isoleucine,nitrogen,"N-Source, amino acid",C00407,1.0,0
PM03_B05,PM03,B05,L-Leucine,nitrogen,"N-Source, amino acid",C00123,1.33333333333,0
PM03_B06,PM03,B06,L-Lysine,nitrogen,"N-Source, amino acid",C00047,1.0,0
PM03_B07,PM03,B07,L-Methionine,nitrogen,"N-Source, amino acid",C00073,6.0,1
PM03_B08,PM03,B08,L-Phenylalanine,nitrogen,"N-Source, amino acid",C00079,6.0,1
PM03_B09,PM03,B09,L-Proline,nitrogen,"N-Source, amino acid",C00148,6.0,1
PM03_B10,PM03,B10,L-Serine,nitrogen,"N-Source, amino acid",C00065,8.0,1
PM03_B11,PM03,B11,L-Threonine,nitrogen,"N-Source, amino acid",C00188,5.0,1
PM03_B12,PM03,B12,L-Tryptophan,nitrogen,"N-Source, amino acid",C00078,4.66666666667,1
PM03_C01,PM03,C01,L-Tyrosine,nitrogen,"N-Source, amino acid",C00082,2.33333333333,0
PM03_C02,PM03,C02,L-Valine,nitrogen,"N-Source, amino acid",C00183,4.0,1
PM03_C03,PM03,C03,D-Alanine,nitrogen,"N-Source, amino acid",C00133,7.33333333333,1
PM03_C04,PM03,C04,D-Asparagine,nitrogen,"N-Source, amino acid",C01905,2.33333333333,0
PM03_C05,PM03,C05,D-Aspartic acid,nitrogen,"N-Source, amino acid",C00402,0.0,0
PM03_C06,PM03,C06,D-Glutamic acid,nitrogen,"N-Source, amino acid",C00217,0.666666666667,0
PM03_C07,PM03,C07,D-Lysine,nitrogen,"N-Source, amino acid",C00739,0.666666666667,0
PM03_C08,PM03,C08,D-Serine,nitrogen,"N-Source, amino acid",C00740,7.66666666667,1
PM03_C09,PM03,C09,D-Valine,nitrogen,"N-Source, amino acid",C06417,0.666666666667,0
PM03_C10,PM03,C10,L-Citrulline,nitrogen,"N-Source, amino acid",C00327,2.33333333333,0
PM03_C11,PM03,C11,L-Homoserine,nitrogen,"N-Source, amino acid",C00263,1.33333333333,0
PM03_C12,PM03,C12,L-Ornithine,nitrogen,"N-Source, amino acid",C00077,4.0,1
PM03_D01,PM03,D01,N-Acetyl-L-Glutamic acid,nitrogen,"N-Source, amino acid",C00624,0.0,0
PM03_D02,PM03,D02,N-Phthaloyl-L-Glutamic acid,nitrogen,"N-Source, amino acid",,6.0,1
PM03_D03,PM03,D03,L-Pyroglutamic acid,nitrogen,"N-Source, amino acid",C02238,0.0,0
PM03_D04,PM03,D04,Hydroxylamine,nitrogen,"N-Source, other",C00192,0.0,0
PM03_D05,PM03,D05,Methylamine,nitrogen,"N-Source, other",C00218,0.0,0
PM03_D06,PM03,D06,N-Amylamine,nitrogen,"N-Source, other",,0.0,0
PM03_D07,PM03,D07,N-Butylamine,nitrogen,"N-Source, other",,0.0,0
PM03_D08,PM03,D08,Ethylamine,nitrogen,"N-Source, other",C00797,0.0,0
PM03_D09,PM03,D09,Ethanolamine,nitrogen,"N-Source, other",C00189,0.0,0
PM03_D10,PM03,D10,Ethylenediamine,nitrogen,"N-Source, other",C12511,0.0,0
PM03_D11,PM03,D11,Putrescine,nitrogen,"N-Source, other",C00134,0.0,0
PM03_D12,PM03,D12,Agmatine,nitrogen,"N-Source, other",C00179,0.0,0
PM03_E01,PM03,E01,Histamine,nitrogen,"N-Source, other",C00388,0.0,0
PM03_E02,PM03,E02,b-Phenylethylamine,nitrogen,"N-Source, other",C05332,0.0,0
PM03_E03,PM03,E03,Tyramine,nitrogen,"N-Source, other",C00483,0.0,0
PM03_E04,PM03,E04,Acetamide,nitrogen,"N-Source, other",C06244,0.0,0
PM03_E05,PM03,E05,Formamide,nitrogen,"N-Source, other",C00488,0.0,0
PM03_E06,PM03,E06,Glucuronamide,nitrogen,"N-Source, other",D01791,4.33333333333,1
PM03_E07,PM03,E07,DL-Lactamide,nitrogen,"N-Source, other",,0.0,0
PM03_E08,PM03,E08,D-Glucosamine,nitrogen,"N-Source, other",C00329,3.33333333333,1
PM03_E09,PM03,E09,D-Galactosamine,nitrogen,"N-Source, other",C02262,0.0,0
PM03_E10,PM03,E10,D-Mannosamine,nitrogen,"N-Source, other",C03570,1.66666666667,0
PM03_E11,PM03,E11,N-Acetyl-D-Glucosamine,nitrogen,"N-Source, other",C00140,2.33333333333,0
PM03_E12,PM03,E12,N-Acetyl-D-Galactosamine,nitrogen,"N-Source, other",C01074,2.33333333333,0
PM03_F01,PM03,F01,N-Acetyl-D-Mannosamine,nitrogen,"N-Source, other",C00645,2.33333333333,0
PM03_F02,PM03,F02,Adenine,nitrogen,"N-Source, other",C00147,6.66666666667,1
PM03_F03,PM03,F03,Adenosine,nitrogen,"N-Source, other",C00212,7.33333333333,1
PM03_F04,PM03,F04,Cytidine,nitrogen,"N-Source, other",C00475,7.33333333333,1
PM03_F05,PM03,F05,Cytosine,nitrogen,"N-Source, other",C00380,7.0,1
PM03_F06,PM03,F06,Guanine,nitrogen,"N-Source, other",C00242,0.0,0
PM03_F07,PM03,F07,Guanosine,nitrogen,"N-Source, other",C00387,0.333333333333,0
PM03_F08,PM03,F08,Thymine,nitrogen,"N-Source, other",C00178,0.0,0
PM03_F09,PM03,F09,Thymidine,nitrogen,"N-Source, other",C00214,0.0,0
PM03_F10,PM03,F10,Uracil,nitrogen,"N-Source, other",C00106,0.0,0
PM03_F11,PM03,F11,Uridine,nitrogen,"N-Source, other",C00299,0.0,0
PM03_F12,PM03,F12,Inosine,nitrogen,"N-Source, other",C00294,0.0,0
PM03_G01,PM03,G01,Xanthine,nitrogen,"N-Source, other",C00385,4.0,1
PM03_G02,PM03,G02,Xanthosine,nitrogen,"N-Source, other",C01762,4.0,1
PM03_G03,PM03,G03,Uric acid,nitrogen,"N-Source, other",C00366,2.33333333333,0
PM03_G04,PM03,G04,Alloxan,nitrogen,"N-Source, other",C07599,1.66666666667,0
PM03_G05,PM03,G05,Allantoin,nitrogen,"N-Source, other",C01551,1.66666666667,0
PM03_G06,PM03,G06,Parabanic acid,nitrogen,"N-Source, other",,1.33333333333,0
PM03_G07,PM03,G07,DL-a-Amino-N-Butyric acid,nitrogen,"N-Source, other",C02261,7.0,1
PM03_G08,PM03,G08,g-Amino-N-Butyric acid,nitrogen,"N-Source, other",C00334,4.0,1
PM03_G09,PM03,G09,e-Amino-N-Caproic acid,nitrogen,"N-Source, other",C02378,2.33333333333,0
PM03_G10,PM03,G10,DL-a-Amino-Caprylic acid,nitrogen,"N-Source, other",,5.0,1
PM03_G11,PM03,G11,d-Amino-N-Valeric acid,nitrogen,"N-Source, other",C00431,0.0,0
PM03_G12,PM03,G12,a-Amino-N-Valeric acid,nitrogen,"N-Source, other",C01826,6.33333333333,1
PM03_H01,PM03,H01,Ala-Asp,nitrogen,"N-Source, peptide",C02871,8.66666666667,1
PM03_H02,PM03,H02,Ala-Gln,nitrogen,"N-Source, peptide",,8.0,1
PM03_H03,PM03,H03,Ala-Glu,nitrogen,"N-Source, peptide",,8.33333333333,1
PM03_H04,PM03,H04,Ala-Gly,nitrogen,"N-Source, peptide",,8.0,1
PM03_H05,PM03,H05,Ala-His,nitrogen,"N-Source, peptide",,7.66666666667,1
PM03_H06,PM03,H06,Ala-Leu,nitrogen,"N-Source, peptide",C05035,8.0,1
PM03_H07,PM03,H07,Ala-Thr,nitrogen,"N-Source, peptide",,8.0,1
PM03_H08,PM03,H08,Gly-Asn,nitrogen,"N-Source, peptide",,8.0,1
PM03_H09,PM03,H09,Gly-Gln,nitrogen,"N-Source, peptide",,8.66666666667,1
PM03_H10,PM03,H10,Gly-Glu,nitrogen,"N-Source, peptide",,8.0,1
PM03_H11,PM03,H11,Gly-Met,nitrogen,"N-Source, peptide",,7.0,1
PM03_H12,PM03,H12,Met-Ala,nitrogen,"N-Source, peptide",,7.0,1
PM04_A01,PM04,A01,Negative Control,Negative control,Negative control,,0.0,0
PM04_A02,PM04,A02,Phosphate,phosphate & sulphur,"P-Source, inorganic",C00009,9.0,1
PM04_A03,PM04,A03,Pyrophosphate,phosphate & sulphur,"P-Source, inorganic",C00013,9.0,1
PM04_A04,PM04,A04,Trimetaphosphate,phosphate & sulphur,"P-Source, inorganic",C02466,9.0,1
PM04_A05,PM04,A05,Tripolyphosphate,phosphate & sulphur,"P-Source, inorganic",C00536,8.66666666667,1
PM04_A06,PM04,A06,Triethyl Phosphate,phosphate & sulphur,"P-Source, organic",,0.0,0
PM04_A07,PM04,A07,Hypophosphite,phosphate & sulphur,"P-Source, inorganic",,4.0,1
PM04_A08,PM04,A08,Adenosine 2`-Monophosphate,phosphate & sulphur,"P-Source, organic",C00946,9.0,1
PM04_A09,PM04,A09,Adenosine 3`-Monophosphate,phosphate & sulphur,"P-Source, organic",C01367,9.0,1
PM04_A10,PM04,A10,Adenosine 5`-Monophosphate,phosphate & sulphur,"P-Source, organic",C00020,8.66666666667,1
PM04_A11,PM04,A11,"Adenosine 2`,3`-Cyclic Monophosphate",phosphate & sulphur,"P-Source, organic",,9.0,1
PM04_A12,PM04,A12,"Adenosine 3`,5`-Cyclic Monophosphate",phosphate & sulphur,"P-Source, organic",C00575,6.66666666667,1
PM04_B01,PM04,B01,Thiophosphate,phosphate & sulphur,"P-Source, inorganic",,8.66666666667,1
PM04_B02,PM04,B02,Dithiophosphate,phosphate & sulphur,"P-Source, inorganic",,8.66666666667,1
PM04_B03,PM04,B03,DL-a-Glycerol Phosphate,phosphate & sulphur,"P-Source, organic",C00093,8.66666666667,1
PM04_B04,PM04,B04,b-Glycerol Phosphate,phosphate & sulphur,"P-Source, organic",C02979,8.66666666667,1
PM04_B05,PM04,B05,Carbamyl Phosphate,phosphate & sulphur,"P-Source, organic",C00169,9.0,1
PM04_B06,PM04,B06,D-2-Phospho-Glyceric acid,phosphate & sulphur,"P-Source, organic",C00631,9.0,1
PM04_B07,PM04,B07,D-3-Phospho-Glyceric acid,phosphate & sulphur,"P-Source, organic",C00197,8.66666666667,1
PM04_B08,PM04,B08,Guanosine 2`-Monophosphate,phosphate & sulphur,"P-Source, organic",,9.0,1
PM04_B09,PM04,B09,Guanosine 3`-Monophosphate,phosphate & sulphur,"P-Source, organic",C06193,9.0,1
PM04_B10,PM04,B10,Guanosine 5`-Monophosphate,phosphate & sulphur,"P-Source, organic",C00144,8.66666666667,1
PM04_B11,PM04,B11,"Guanosine 2`,3`-Cyclic Monophosphate",phosphate & sulphur,"P-Source, organic",,8.66666666667,1
PM04_B12,PM04,B12,"Guanosine 3`,5`-Cyclic Monophosphate",phosphate & sulphur,"P-Source, organic",C00942,2.66666666667,0
PM04_C01,PM04,C01,Phosphoenol Pyruvate,phosphate & sulphur,"P-Source, organic",C00074,9.0,1
PM04_C02,PM04,C02,Phospho-Glycolic acid,phosphate & sulphur,"P-Source, organic",C00988,8.66666666667,1
PM04_C03,PM04,C03,D-Glucose-1-Phosphate,phosphate & sulphur,"P-Source, organic",C00103,8.33333333333,1
PM04_C04,PM04,C04,D-Glucose-6-Phosphate,phosphate & sulphur,"P-Source, organic",C00092,8.66666666667,1
PM04_C05,PM04,C05,2-Deoxy-D-Glucose 6-Phosphate,phosphate & sulphur,"P-Source, organic",C06369,0.0,0
PM04_C06,PM04,C06,D-Glucosamine-6-Phosphate,phosphate & sulphur,"P-Source, organic",C00352,8.66666666667,1
PM04_C07,PM04,C07,6-Phospho-Gluconic acid,phosphate & sulphur,"P-Source, organic",,9.0,1
PM04_C08,PM04,C08,Cytidine 2`-Monophosphate,phosphate & sulphur,"P-Source, organic",C03104,8.66666666667,1
PM04_C09,PM04,C09,Cytidine 3`-Monophosphate,phosphate & sulphur,"P-Source, organic",C05822 ,0.0,0
PM04_C10,PM04,C10,Cytidine 5`-Monophosphate,phosphate & sulphur,"P-Source, organic",C00055,8.66666666667,1
PM04_C11,PM04,C11,"Cytidine 2`,3`-Cyclic Monophosphate",phosphate & sulphur,"P-Source, organic",,8.66666666667,1
PM04_C12,PM04,C12,"Cytidine 3`,5`-Cyclic Monophosphate",phosphate & sulphur,"P-Source, organic",C00941,5.0,1
PM04_D01,PM04,D01,D-Mannose-1-Phosphate,phosphate & sulphur,"P-Source, organic",C00636,9.0,1
PM04_D02,PM04,D02,D-Mannose-6-Phosphate,phosphate & sulphur,"P-Source, organic",C00275,8.33333333333,1
PM04_D03,PM04,D03,Cysteamine-S-Phosphate,phosphate & sulphur,"P-Source, organic",,8.66666666667,1
PM04_D04,PM04,D04,Phospho-L-Arginine,phosphate & sulphur,"P-Source, organic",C05945,8.66666666667,1
PM04_D05,PM04,D05,O-Phospho-D-Serine,phosphate & sulphur,"P-Source, organic",C02532,8.66666666667,1
PM04_D06,PM04,D06,O-Phospho-L-Serine,phosphate & sulphur,"P-Source, organic",C01005,8.66666666667,1
PM04_D07,PM04,D07,O-Phospho-L-Threonine,phosphate & sulphur,"P-Source, organic",,8.66666666667,1
PM04_D08,PM04,D08,Uridine 2`-Monophosphate,phosphate & sulphur,"P-Source, organic",C03031,7.0,1
PM04_D09,PM04,D09,Uridine 3`-Monophosphate,phosphate & sulphur,"P-Source, organic",C01368,8.66666666667,1
PM04_D10,PM04,D10,Uridine 5`-Monophosphate,phosphate & sulphur,"P-Source, organic",C00105,8.66666666667,1
PM04_D11,PM04,D11,"Uridine 2`,3`-Cyclic Monophosphate",phosphate & sulphur,"P-Source, organic",C02355,8.66666666667,1
PM04_D12,PM04,D12,"Uridine 3`,5`-Cyclic Monophosphate",phosphate & sulphur,"P-Source, organic",,1.66666666667,0
PM04_E01,PM04,E01,O-Phospho-D-Tyrosine,phosphate & sulphur,"P-Source, organic",C06501,9.0,1
PM04_E02,PM04,E02,O-Phospho-L-Tyrosine,phosphate & sulphur,"P-Source, organic",C06501,8.66666666667,1
PM04_E03,PM04,E03,Phosphocreatine,phosphate & sulphur,"P-Source, organic",C02305,8.66666666667,1
PM04_E04,PM04,E04,Phosphoryl Choline,phosphate & sulphur,"P-Source, organic",C00588,8.66666666667,1
PM04_E05,PM04,E05,O-Phosphoryl-Ethanolamine,phosphate & sulphur,"P-Source, organic",C00346,8.66666666667,1
PM04_E06,PM04,E06,Phosphono Acetic acid,phosphate & sulphur,"P-Source, organic",C05682,1.33333333333,0
PM04_E07,PM04,E07,2-Aminoethyl Phosphonic acid,phosphate & sulphur,"P-Source, organic",C03557,8.0,1
PM04_E08,PM04,E08,Methylene Diphosphonic acid,phosphate & sulphur,"P-Source, organic",,0.666666666667,0
PM04_E09,PM04,E09,Thymidine 3`-Monophosphate,phosphate & sulphur,"P-Source, organic",,8.66666666667,1
PM04_E10,PM04,E10,Thymidine 5`-Monophosphate,phosphate & sulphur,"P-Source, organic",C00364,8.66666666667,1
PM04_E11,PM04,E11,Inositol Hexaphosphate,phosphate & sulphur,"P-Source, organic",C01204,8.66666666667,1
PM04_E12,PM04,E12,"Thymidine 3`,5`-Cyclic Monophosphate",phosphate & sulphur,"P-Source, organic",,2.0,0
PM04_F01,PM04,F01,Negative Control,Negative control,Negative control,,0.0,0
PM04_F02,PM04,F02,Sulfate,phosphate & sulphur,"S-Source, inorganic",C00059,7.33333333333,1
PM04_F03,PM04,F03,Thiosulfate,phosphate & sulphur,"S-Source, inorganic",C00320,7.0,1
PM04_F04,PM04,F04,Tetrathionate,phosphate & sulphur,"S-Source, inorganic",C02084,7.66666666667,1
PM04_F05,PM04,F05,Thiophosphate,phosphate & sulphur,"S-Source, inorganic",,7.0,1
PM04_F06,PM04,F06,Dithiophosphate,phosphate & sulphur,"S-Source, inorganic",,7.66666666667,1
PM04_F07,PM04,F07,L-Cysteine,phosphate & sulphur,"S-Source, organic",C00097,7.33333333333,1
PM04_F08,PM04,F08,D-Cysteine,phosphate & sulphur,"S-Source, organic",C00793,7.33333333333,1
PM04_F09,PM04,F09,Cys-Gly,phosphate & sulphur,"S-Source, organic",,7.0,1
PM04_F10,PM04,F10,L-Cysteic acid,phosphate & sulphur,"S-Source, organic",C00506,7.0,1
PM04_F11,PM04,F11,Cysteamine,phosphate & sulphur,"S-Source, organic",C01678,0.0,0
PM04_F12,PM04,F12,L-Cysteine Sulfinic acid,phosphate & sulphur,"S-Source, organic",C00606,7.66666666667,1
PM04_G01,PM04,G01,N-Acetyl-L-Cysteine,phosphate & sulphur,"S-Source, organic",C06809,0.333333333333,0
PM04_G02,PM04,G02,S-Methyl-L-Cysteine,phosphate & sulphur,"S-Source, organic",C03540,0.333333333333,0
PM04_G03,PM04,G03,Cystathionine,phosphate & sulphur,"S-Source, organic",C00542,6.0,1
PM04_G04,PM04,G04,Lanthionine,phosphate & sulphur,"S-Source, organic",,8.0,1
PM04_G05,PM04,G05,Glutathione,phosphate & sulphur,"S-Source, organic",C00051,5.0,1
PM04_G06,PM04,G06,DL-Ethionine,phosphate & sulphur,"S-Source, organic",C11227,0.0,0
PM04_G07,PM04,G07,L-Methionine,phosphate & sulphur,"S-Source, organic",C00073,7.0,1
PM04_G08,PM04,G08,D-Methionine,phosphate & sulphur,"S-Source, organic",C00855,6.33333333333,1
PM04_G09,PM04,G09,Gly-Met,phosphate & sulphur,"S-Source, organic",,7.0,1
PM04_G10,PM04,G10,"N-Acetyl-D,L-Methionine",phosphate & sulphur,"S-Source, organic",C02712,7.0,1
PM04_G11,PM04,G11,L-Methionine Sulfoxide,phosphate & sulphur,"S-Source, organic",C02989,7.0,1
PM04_G12,PM04,G12,L-Methionine Sulfone,phosphate & sulphur,"S-Source, organic",,0.0,0
PM04_H01,PM04,H01,L-Djenkolic acid,phosphate & sulphur,"S-Source, organic",C08275,8.0,1
PM04_H02,PM04,H02,Thiourea,phosphate & sulphur,"S-Source, organic",C14415,6.33333333333,1
PM04_H03,PM04,H03,1-Thio-b-D-Glucose,phosphate & sulphur,"S-Source, organic",,2.66666666667,0
PM04_H04,PM04,H04,DL-Lipoamide,phosphate & sulphur,"S-Source, organic",C00248,1.0,0
PM04_H05,PM04,H05,Taurocholic acid,phosphate & sulphur,"S-Source, organic",C05122,4.0,1
PM04_H06,PM04,H06,Taurine,phosphate & sulphur,"S-Source, organic",C00245,8.0,1
PM04_H07,PM04,H07,Hypotaurine,phosphate & sulphur,"S-Source, organic",C00519,8.0,1
PM04_H08,PM04,H08,p-Aminobenzene Sulfonic acid,phosphate & sulphur,"S-Source, organic",C00568,0.0,0
PM04_H09,PM04,H09,Butane Sulfonic acid,phosphate & sulphur,"S-Source, organic",,8.0,1
PM04_H10,PM04,H10,2-Hydroxyethane Sulfonic acid,phosphate & sulphur,"S-Source, organic",C05123,8.0,1
PM04_H11,PM04,H11,Methane Sulfonic acid,phosphate & sulphur,"S-Source, organic",C11145,6.66666666667,1
PM04_H12,PM04,H12,Tetramethylene Sulfone,phosphate & sulphur,"S-Source, organic",,0.0,0
PM05_A01,PM05,A01,Negative Control,Negative control,Negative control,,0.0,0
PM05_A02,PM05,A02,Positive Control,nutrient stimulation,"Nutritional supplement, Positive control",,0.333333333333,0
PM05_A03,PM05,A03,L-Alanine,nutrient stimulation,Nutritional supplement,C00041,0.333333333333,0
PM05_A04,PM05,A04,L-Arginine,nutrient stimulation,Nutritional supplement,C00062,0.333333333333,0
PM05_A05,PM05,A05,L-Asparagine,nutrient stimulation,Nutritional supplement,C00152,0.333333333333,0
PM05_A06,PM05,A06,L-Aspartic acid,nutrient stimulation,Nutritional supplement,C00049,0.333333333333,0
PM05_A07,PM05,A07,L-Cysteine,nutrient stimulation,Nutritional supplement,C00097,0.333333333333,0
PM05_A08,PM05,A08,L-Glutamic acid,nutrient stimulation,Nutritional supplement,C00025,0.333333333333,0
PM05_A09,PM05,A09,"Adenosine 3`,5`-Cyclic Monophosphate",nutrient stimulation,Nutritional supplement,C00575,0.0,0
PM05_A10,PM05,A10,Adenine,nutrient stimulation,Nutritional supplement,C00147,0.333333333333,0
PM05_A11,PM05,A11,Adenosine,nutrient stimulation,Nutritional supplement,C00212,0.0,0
PM05_A12,PM05,A12,2`-Deoxyadenosine,nutrient stimulation,Nutritional supplement,C00559,0.0,0
PM05_B01,PM05,B01,L-Glutamine,nutrient stimulation,Nutritional supplement,C00064,0.0,0
PM05_B02,PM05,B02,Glycine,nutrient stimulation,Nutritional supplement,C00037,0.0,0
PM05_B03,PM05,B03,L-Histidine,nutrient stimulation,Nutritional supplement,C00135,0.0,0
PM05_B04,PM05,B04,L-Isoleucine,nutrient stimulation,Nutritional supplement,C00407,0.333333333333,0
PM05_B05,PM05,B05,L-Leucine,nutrient stimulation,Nutritional supplement,C00123,0.0,0
PM05_B06,PM05,B06,L-Lysine,nutrient stimulation,Nutritional supplement,C00047,0.333333333333,0
PM05_B07,PM05,B07,L-Methionine,nutrient stimulation,Nutritional supplement,C00073,0.0,0
PM05_B08,PM05,B08,L-Phenylalanine,nutrient stimulation,Nutritional supplement,C00079,0.0,0
PM05_B09,PM05,B09,"Guanosine 3`,5`-Cyclic Monophosphate",nutrient stimulation,Nutritional supplement,C00942,0.0,0
PM05_B10,PM05,B10,Guanine,nutrient stimulation,Nutritional supplement,C00242,0.0,0
PM05_B11,PM05,B11,Guanosine,nutrient stimulation,Nutritional supplement,C00387,0.0,0
PM05_B12,PM05,B12,2`-Deoxyguanosine,nutrient stimulation,Nutritional supplement,C00330,0.0,0
PM05_C01,PM05,C01,L-Proline,nutrient stimulation,Nutritional supplement,C00148,0.0,0
PM05_C02,PM05,C02,L-Serine,nutrient stimulation,Nutritional supplement,C00065,0.0,0
PM05_C03,PM05,C03,L-Threonine,nutrient stimulation,Nutritional supplement,C00188,0.0,0
PM05_C04,PM05,C04,L-Tryptophan,nutrient stimulation,Nutritional supplement,C00078,0.333333333333,0
PM05_C05,PM05,C05,L-Tyrosine,nutrient stimulation,Nutritional supplement,C00082,0.0,0
PM05_C06,PM05,C06,L-Valine,nutrient stimulation,Nutritional supplement,C00183,0.333333333333,0
PM05_C07,PM05,C07,L-Isoleucine + L-Valine,nutrient stimulation,Nutritional supplement,,0.333333333333,0
PM05_C08,PM05,C08,Hydroxy-L-Proline,nutrient stimulation,Nutritional supplement,C01015,0.333333333333,0
PM05_C09,PM05,C09,(5) 4-Amino-Imidazole-4(5)-Carboxamide,nutrient stimulation,Nutritional supplement,C04051,0.0,0
PM05_C10,PM05,C10,Hypoxanthine,nutrient stimulation,Nutritional supplement,C00262,0.0,0
PM05_C11,PM05,C11,Inosine,nutrient stimulation,Nutritional supplement,C00294,0.0,0
PM05_C12,PM05,C12,2`-Deoxyinosine,nutrient stimulation,Nutritional supplement,C05512,0.333333333333,0
PM05_D01,PM05,D01,L-Ornithine,nutrient stimulation,Nutritional supplement,C00077,0.333333333333,0
PM05_D02,PM05,D02,L-Citrulline,nutrient stimulation,Nutritional supplement,C00327,0.0,0
PM05_D03,PM05,D03,Chorismic acid,nutrient stimulation,Nutritional supplement,C00251,0.0,0
PM05_D04,PM05,D04,(-)Shikimic acid,nutrient stimulation,Nutritional supplement,C00493,0.333333333333,0
PM05_D05,PM05,D05,L-Homoserine Lactone,nutrient stimulation,Nutritional supplement,,0.0,0
PM05_D06,PM05,D06,D-Alanine,nutrient stimulation,Nutritional supplement,C00133,0.333333333333,0
PM05_D07,PM05,D07,D-Aspartic acid,nutrient stimulation,Nutritional supplement,C00402,0.333333333333,0
PM05_D08,PM05,D08,D-Glutamic acid,nutrient stimulation,Nutritional supplement,C00217,0.0,0
PM05_D09,PM05,D09,"DL-Diamino-a,e-Pimelic acid",nutrient stimulation,Nutritional supplement,C00680,0.0,0
PM05_D10,PM05,D10,Cytosine,nutrient stimulation,Nutritional supplement,C00380,0.0,0
PM05_D11,PM05,D11,Cytidine,nutrient stimulation,Nutritional supplement,C00475,0.0,0
PM05_D12,PM05,D12,2`-Deoxycytidine,nutrient stimulation,Nutritional supplement,C00881,0.0,0
PM05_E01,PM05,E01,Putrescine,nutrient stimulation,Nutritional supplement,C00134,0.0,0
PM05_E02,PM05,E02,Spermidine,nutrient stimulation,Nutritional supplement,C00315,0.0,0
PM05_E03,PM05,E03,Spermine,nutrient stimulation,Nutritional supplement,C00750,0.666666666667,0
PM05_E04,PM05,E04,Pyridoxine,nutrient stimulation,Nutritional supplement,C00314,0.0,0
PM05_E05,PM05,E05,Pyridoxal,nutrient stimulation,Nutritional supplement,C00250,0.0,0
PM05_E06,PM05,E06,Pyridoxamine,nutrient stimulation,Nutritional supplement,C00534,0.0,0
PM05_E07,PM05,E07,b-Alanine,nutrient stimulation,Nutritional supplement,C00099,0.0,0
PM05_E08,PM05,E08,D-Pantothenic acid,nutrient stimulation,Nutritional supplement,C00864,0.0,0
PM05_E09,PM05,E09,Orotic acid,nutrient stimulation,Nutritional supplement,C00295,0.0,0
PM05_E10,PM05,E10,Uracil,nutrient stimulation,Nutritional supplement,C00106,0.0,0
PM05_E11,PM05,E11,Uridine,nutrient stimulation,Nutritional supplement,C00299,0.0,0
PM05_E12,PM05,E12,2`-Deoxyuridine,nutrient stimulation,Nutritional supplement,C00526,0.0,0
PM05_F01,PM05,F01,Quinolinic acid,nutrient stimulation,Nutritional supplement,C03722,0.0,0
PM05_F02,PM05,F02,Nicotinic acid,nutrient stimulation,Nutritional supplement,C00253,0.666666666667,0
PM05_F03,PM05,F03,Nicotinamide,nutrient stimulation,Nutritional supplement,C00153,0.666666666667,0
PM05_F04,PM05,F04,b-Nicotinamide Adenine Dinucleotide,nutrient stimulation,Nutritional supplement,C00003,0.666666666667,0
PM05_F05,PM05,F05,d-Amino-levulinic acid,nutrient stimulation,Nutritional supplement,C00431,0.0,0
PM05_F06,PM05,F06,Hematin,nutrient stimulation,Nutritional supplement,,0.333333333333,0
PM05_F07,PM05,F07,Deferoxamine,nutrient stimulation,Nutritional supplement,C06940,0.0,0
PM05_F08,PM05,F08,a-D-Glucose,nutrient stimulation,Nutritional supplement,C00031,0.0,0
PM05_F09,PM05,F09,N-Acetyl-D-Glucosamine,nutrient stimulation,Nutritional supplement,C00140,0.0,0
PM05_F10,PM05,F10,Thymine,nutrient stimulation,Nutritional supplement,C00178,0.0,0
PM05_F11,PM05,F11,Glutathione,nutrient stimulation,Nutritional supplement,C00051,0.0,0
PM05_F12,PM05,F12,Thymidine,nutrient stimulation,Nutritional supplement,C00214,0.0,0
PM05_G01,PM05,G01,Oxaloacetic acid,nutrient stimulation,Nutritional supplement,C00036,0.0,0
PM05_G02,PM05,G02,D-Biotin,nutrient stimulation,Nutritional supplement,C00120,0.0,0
PM05_G03,PM05,G03,Cyanocobalamin,nutrient stimulation,Nutritional supplement,C02823,0.0,0
PM05_G04,PM05,G04,p-Amino-Benzoic acid,nutrient stimulation,Nutritional supplement,C00568,0.0,0
PM05_G05,PM05,G05,Folic acid,nutrient stimulation,Nutritional supplement,C00504,0.333333333333,0
PM05_G06,PM05,G06,Inosine + Thiamine,nutrient stimulation,Nutritional supplement,,0.333333333333,0
PM05_G07,PM05,G07,Thiamine,nutrient stimulation,Nutritional supplement,C00378,0.0,0
PM05_G08,PM05,G08,Thiamine Pyrophosphate,nutrient stimulation,Nutritional supplement,C00068,0.666666666667,0
PM05_G09,PM05,G09,Riboflavin,nutrient stimulation,Nutritional supplement,C00255,0.0,0
PM05_G10,PM05,G10,Pyrrolo-Quinoline Qui,nutrient stimulation,Nutritional supplement,C00113,0.0,0
PM05_G11,PM05,G11,Menadione,nutrient stimulation,Nutritional supplement,C05377,0.0,0
PM05_G12,PM05,G12,m-Inositol,nutrient stimulation,Nutritional supplement,C00137,0.0,0
PM05_H01,PM05,H01,Butyric acid,nutrient stimulation,Nutritional supplement,C00246,0.666666666667,0
PM05_H02,PM05,H02,a-Hydroxybutyric acid,nutrient stimulation,Nutritional supplement,C05984,0.0,0
PM05_H03,PM05,H03,a-Ketobutyric acid,nutrient stimulation,Nutritional supplement,C00109,0.0,0
PM05_H04,PM05,H04,Caprylic acid,nutrient stimulation,Nutritional supplement,C06423,0.333333333333,0
PM05_H05,PM05,H05,DL-Thioctic acid,nutrient stimulation,Nutritional supplement,C00725,0.0,0
PM05_H06,PM05,H06,DL-Mevalonic acid Lactone,nutrient stimulation,Nutritional supplement,C02104,0.666666666667,0
PM05_H07,PM05,H07,DL-Carnitine,nutrient stimulation,Nutritional supplement,C00487,0.0,0
PM05_H08,PM05,H08,Choline,nutrient stimulation,Nutritional supplement,C00114,0.0,0
PM05_H09,PM05,H09,Tween 20,nutrient stimulation,Nutritional supplement,C11624,0.333333333333,0
PM05_H10,PM05,H10,Tween 40,nutrient stimulation,Nutritional supplement,,0.0,0
PM05_H11,PM05,H11,Tween 60,nutrient stimulation,Nutritional supplement,,0.0,0
PM05_H12,PM05,H12,Tween 80,nutrient stimulation,Nutritional supplement,C11625,0.666666666667,0
